{
  "meta": {
    "expanding": false,
    "git_sha": "5482bb30bb0b58d52f6c74393cd8188b6f5de3ef",
    "label_order": [
      "calm-bull",
      "choppy",
      "crisis"
    ],
    "loglik": -7724.027204939267,
    "n_restarts": 8,
    "n_train_obs": 1260,
    "seed": 0,
    "state_mapping": [
      2,
      1,
      0
    ],
    "train_window_days": 1260
  },
  "params": {
    "means": [
      [
        -0.6585429359214514,
        1.0877793333142523,
        0.9518740920342016,
        -1.5054534228646133,
        -0.6964787691579204
      ],
      [
        0.08826239759305306,
        -0.2227364515834231,
        -0.0999222980662481,
        0.5418939542983026,
        1.4099452663965604
      ],
      [
        0.36421807139501283,
        -1.1632129845066665,
        -1.073671893127929,
        0.9607669933239078,
        -0.1856235904879262
      ]
    ],
    "start_prob": [
      4.910374961641418e-148,
      1.7436154435860485e-30,
      1.0
    ],
    "trans_mat": [
      [
        0.9730424801134988,
        0.020182451429794333,
        0.006775068456706928
      ],
      [
        0.02680028120038397,
        0.967409124135359,
        0.005790594664257129
      ],
      [
        0.006488494733545784,
        0.006520087907599947,
        0.9869914173588543
      ]
    ],
    "variances": [
      [
        2.1433705275373525,
        0.7528269257222349,
        1.560245903541049,
        1.5399211083070241,
        2.398454739684138
      ],
      [
        0.41326844831026455,
        0.7012799044794238,
        0.37535184224898505,
        0.08984441008292042,
        0.3512804319926777
      ],
      [
        0.37845982061650574,
        0.5999315340488692,
        0.2173142174953808,
        0.6509299190684804,
        0.9588988654990775
      ]
    ]
  }
}