{
  "meta": {
    "expanding": false,
    "git_sha": "79c7ca4f1ecb3de394f725c64be7211dae0d4b22",
    "label_order": [
      "calm-bull",
      "choppy",
      "crisis"
    ],
    "loglik": -7724.027186949339,
    "n_restarts": 8,
    "n_train_obs": 1260,
    "seed": 0,
    "state_mapping": [
      2,
      1,
      0
    ],
    "train_window_days": 1260
  },
  "params": {
    "means": [
      [
        -0.6585429360591114,
        1.0877793335435353,
        0.9518740922363803,
        -1.505453423480279,
        -0.696478769982588
      ],
      [
        0.08826239552248127,
        -0.2227364521550563,
        -0.09992229757763743,
        0.5418939540290045,
        1.4099452659853067
      ],
      [
        0.36421809781703185,
        -1.1632129839884784,
        -1.0736718935136162,
        0.9607669934672284,
        -0.18562359041431484
      ]
    ],
    "start_prob": [
      4.9101121323923084e-148,
      1.7434848039094224e-30,
      1.0
    ],
    "trans_mat": [
      [
        0.9730424801507984,
        0.020182451389740216,
        0.006775068459461359
      ],
      [
        0.02680028112823708,
        0.9674091241990252,
        0.005790594672737628
      ],
      [
        0.006488494734885233,
        0.006520087917876656,
        0.9869914173472382
      ]
    ],
    "variances": [
      [
        2.14337052734892,
        0.7528269261744505,
        1.560245903715615,
        1.5399211078179844,
        2.3984547380836103
      ],
      [
        0.4132684511428807,
        0.7012799030995548,
        0.375351841963087,
        0.08984441013598515,
        0.35128043309708923
      ],
      [
        0.3784597888210204,
        0.5999315358139422,
        0.21731421726574657,
        0.650929919035545,
        0.9588988659936837
      ]
    ]
  }
}