{
  "ann_vol": 0.17004716657465027,
  "asof": "2026-06-02",
  "beta_to_benchmark": 0.5862480304841878,
  "cvar_95": 0.02641341090990888,
  "equity": 1000394.19,
  "gross_exposure": 0.9993867244289059,
  "lookback_days": 180,
  "n_positions": 3,
  "net_exposure": 0.9993867244289059,
  "top_name_weight": 0.3331918966179342,
  "var_95": 0.018280963136272636
}
