{
  "equity": 1000000.0,
  "gross_exposure": 0.999780672682,
  "passed": true,
  "rebalance": {
    "asof": "2026-06-02",
    "dry_run": true,
    "enabled_strategies": [
      "defensive-etf-allocation"
    ],
    "outcomes": [
      {
        "error": null,
        "orders": 3,
        "reference_prices": {
          "DBC": 30.135000228881836,
          "EEM": 70.76499938964844,
          "GLD": 411.80999755859375
        },
        "strategy": "defensive-etf-allocation"
      }
    ],
    "skipped_reason": null,
    "total_orders": 3
  },
  "symbol_weights": {
    "DBC": 0.333323237531662,
    "EEM": 0.3333031471252441,
    "GLD": 0.3331542880249023
  },
  "violations": []
}
