{
  "equity": 994422.1,
  "gross_exposure": 0.670939425228,
  "passed": true,
  "rebalance": {
    "asof": "2026-06-03",
    "dry_run": true,
    "enabled_strategies": [
      "defensive-etf-allocation"
    ],
    "outcomes": [
      {
        "error": null,
        "orders": 4,
        "reference_prices": {
          "DBC": 30.329999923706055,
          "EEM": 69.80500030517578,
          "GLD": 407.635009765625,
          "SPY": 755.0999755859375
        },
        "strategy": "defensive-etf-allocation"
      }
    ],
    "skipped_reason": null,
    "total_orders": 4
  },
  "symbol_weights": {
    "DBC": 0.0040565168351074515,
    "EEM": 0.002667468886297559,
    "GLD": 0.3316265023679488,
    "SPY": 0.33258893713910886
  },
  "violations": []
}
