{
  "equity": 993646.8,
  "gross_exposure": 0.999742693114,
  "passed": true,
  "rebalance": {
    "asof": "2026-05-29",
    "dry_run": true,
    "enabled_strategies": [
      "defensive-etf-allocation"
    ],
    "outcomes": [
      {
        "error": null,
        "orders": 3,
        "reference_prices": {
          "DBC": 29.44379997253418,
          "EEM": 68.62000274658203,
          "GLD": 418.4800109863281
        },
        "strategy": "defensive-etf-allocation"
      }
    ],
    "skipped_reason": null,
    "total_orders": 3
  },
  "symbol_weights": {
    "DBC": 0.33333102455624775,
    "EEM": 0.3332775119438868,
    "GLD": 0.3331341566139855
  },
  "violations": []
}
