{
  "equity": 994181.16,
  "gross_exposure": 0.999870018457,
  "passed": true,
  "rebalance": {
    "asof": "2026-05-29",
    "dry_run": true,
    "enabled_strategies": [
      "defensive-etf-allocation"
    ],
    "outcomes": [
      {
        "error": null,
        "orders": 3,
        "reference_prices": {
          "DBC": 29.44969940185547,
          "EEM": 68.68009948730469,
          "GLD": 418.8399963378906
        },
        "strategy": "defensive-etf-allocation"
      }
    ],
    "skipped_reason": null,
    "total_orders": 3
  },
  "symbol_weights": {
    "DBC": 0.33330748056991716,
    "EEM": 0.3333210217202719,
    "GLD": 0.3332415161672059
  },
  "violations": []
}
