{
  "equity": 993048.51,
  "gross_exposure": 0.000266553148,
  "passed": true,
  "rebalance": {
    "asof": "2026-05-29",
    "dry_run": true,
    "enabled_strategies": [
      "defensive-etf-allocation"
    ],
    "outcomes": [
      {
        "error": null,
        "orders": 2,
        "reference_prices": {
          "DBC": 29.42009925842285,
          "EEM": 68.62000274658203,
          "GLD": 418.32000732421875
        },
        "strategy": "defensive-etf-allocation"
      }
    ],
    "skipped_reason": null,
    "total_orders": 2
  },
  "symbol_weights": {
    "DBC": 5.9252088819755344e-05,
    "EEM": 0.0002073010594817227
  },
  "violations": []
}
