{
  "equity": 992364.25,
  "gross_exposure": 0.000563865526,
  "passed": true,
  "rebalance": {
    "asof": "2026-05-29",
    "dry_run": true,
    "enabled_strategies": [
      "defensive-etf-allocation"
    ],
    "outcomes": [
      {
        "error": null,
        "orders": 2,
        "reference_prices": {
          "DBC": 29.479999542236328,
          "EEM": 68.5999984741211,
          "GLD": 417.1199951171875
        },
        "strategy": "defensive-etf-allocation"
      }
    ],
    "skipped_reason": null,
    "total_orders": 2
  },
  "symbol_weights": {
    "DBC": 0.0003564820019532505,
    "EEM": 0.0002073835241670216
  },
  "violations": []
}
