{
  "equity": 1006814.06,
  "gross_exposure": 0.004413108947,
  "passed": true,
  "rebalance": {
    "asof": "2026-06-02",
    "dry_run": true,
    "enabled_strategies": [
      "defensive-etf-allocation"
    ],
    "outcomes": [
      {
        "error": null,
        "orders": 3,
        "reference_prices": {
          "DBC": 30.1200008392334,
          "EEM": 70.80000305175781,
          "GLD": 411.95001220703125
        },
        "strategy": "defensive-etf-allocation"
      }
    ],
    "skipped_reason": null,
    "total_orders": 3
  },
  "symbol_weights": {
    "DBC": 0.0014658913693780125,
    "EEM": 0.0004922458287504493,
    "GLD": 0.0024549717484499446
  },
  "violations": []
}
