{
  "equity": 965918.75,
  "gross_exposure": 0.348707369186,
  "passed": true,
  "rebalance": {
    "asof": "2026-06-05",
    "dry_run": true,
    "enabled_strategies": [
      "defensive-etf-allocation"
    ],
    "outcomes": [
      {
        "error": null,
        "orders": 4,
        "reference_prices": {
          "DBC": 29.43000030517578,
          "EEM": 66.36000061035156,
          "GLD": 399.1199951171875,
          "SPY": 749.6300048828125
        },
        "strategy": "defensive-etf-allocation"
      }
    ],
    "skipped_reason": null,
    "total_orders": 4
  },
  "symbol_weights": {
    "DBC": 0.00036562081817141385,
    "EEM": 0.007076247420257874,
    "GLD": 0.3342807829849091,
    "SPY": 0.006984717963022575
  },
  "violations": []
}
